,video_id,video_title,upload_date,view_count,like_count,comment_count
0,n8bLutlAfUc,SIDEMEN FAMILY FEUD 2,2022-02-06,6892324,386544,10559
1,xP8y54cbyk0,"SIDEMEN THAT FINDS $250,000 LAMBORGHINI WINS IT",2022-01-30,6352325,385047,13557
2,p1dfV9up_MY,SIDEMEN DRINK ONE COLOUR FOR 24 HOURS CHALLENGE,2022-01-23,8084022,328922,8370
3,Q9hy5ZxXaZA,"SIDEMEN HIDE AND SEEK IN $20,000,000 SPANISH MANSION",2022-01-16,6279800,323609,8247
4,PeCBE33DYYI,THE GREATEST SIDEMEN MOMENTS 2021,2022-01-09,4907846,308143,8587
5,lNo2tQ6QfNg,"SIDEMEN $10,000 vs $100 NEW YEARS EVE",2022-01-02,9713975,424737,13150
6,9anoXkLeS1g,SIDEMEN CHRISTMAS MUKBANG,2021-12-26,7821207,291284,6836
7,hiehLFrTlRs,20 WOMEN VS 1 SIDEMEN: KSI EDITION,2021-12-19,13749195,667906,23428
8,7Oa-GtZE9tE,"SIDEMEN $100,000 HOT VS COLD HOLIDAY",2021-12-12,12551842,520262,20559
9,GfWL0-dI3Dc,SIDEMEN PUB GOLF (EUROPE EDITION),2021-12-05,8697494,401835,11950
10,DSEnADJ-tJ0,SIDEMEN HIDE & SEEK IN THE WORLD&#39;S BIGGEST TOY STORE,2021-11-28,7682180,355173,9614
11,zijF6-hXVdQ,SIDEMEN EXTREME ROBOT WARS (BATTLE BOTS),2021-11-21,6048282,345487,9577
12,EFxuUSpO0Zg,"SIDEMEN $100,000 EXTREME TAG",2021-11-14,10574010,571984,16926
13,G9b7clmSd4g,SIDEMEN SILENT LIBRARY,2021-11-07,11902700,673256,23769
14,arXJOceVJ7w,SIDEMEN EXTREME BAKE OFF,2021-10-31,11102277,353515,13394
15,QzB2CP1kv4Q,SIDEMEN ABANDONED CHALLENGE,2021-10-24,17481958,465935,15917
16,wufks28CiYw,SIDEMEN WHO WANTS TO BE A MILLIONAIRE 2,2021-10-17,13454560,425380,15437
17,xYsJLjf8jt0,SIDEMEN Â£500 CAR CHALLENGE,2021-10-10,15969097,503725,16961
18,8ZgFXXY3bu0,SIDEMEN HIDE AND SEEK IN A NUCLEAR BUNKER,2021-10-03,8521175,374601,11499
19,GzdNMzvhNXY,SIDEMEN VS 100 KIDS FOOTBALL MATCH,2021-09-26,12262587,475711,22347
20,E_8kjvXPZIM,"SIDEMEN $10,000 vs $100 CAMPING",2021-09-19,19423118,484006,26889
21,p4JeRmYxGIg,SIDEMEN vs ONLYFANS OLYMPICS,2021-09-12,11628191,555272,27665
22,bVv3PW8DCZI,"SIDEMEN $100 vs $10,000 BIRTHDAY PARTY",2021-09-05,12493915,451104,32008
23,n5njdxByYuw,SIDEMEN SPEED DATING (EXTREME),2021-08-29,9706488,525600,25035
24,P-e_bF4U_4w,WOMEN RATE THE MOST ATTRACTIVE SIDEMEN,2021-08-22,12071326,489268,24054
25,U3x7tu0HGWA,SIDEMEN HOT TUB MUKBANG,2021-08-15,10837425,419022,15139
26,3xR1uRU1O8Q,SIDEMEN HIDE AND SEEK IN THE MOST EXPENSIVE HOUSE IN LONDON,2021-08-08,11041237,511424,17752
27,WSKAIKqXYqE,SIDEMEN BUYING ONE COLOUR FOR 24 HOURS,2021-08-01,15764604,482830,19268
28,t6weHm9HclQ,SIDEMEN EXTREME PUNISHMENT POOL,2021-07-25,12998636,506615,13464
29,pCSkExy1ewM,SIDEMEN EXTREME FISHING vs LOGAN PAUL,2021-07-18,18579229,938993,42701
30,7CjamcUZsmA,"SIDEMEN SPEND $100,000 ON FANS",2021-07-11,7786870,494452,15628
31,yCQ9ymHhPdA,SIDEMEN HIDE AND SEEK ON A JUMBO JET,2021-07-04,11360436,553348,13859
32,d0pJ20YAVFY,THE WHEEL: SIDEMEN EDITION,2021-06-27,18830740,712009,26165
33,UYulBXIMikg,SIDEMEN GOGGLEBOX,2021-06-20,9390343,403011,13451
34,BvdlZsK5ZWY,SIDEMEN EXTREME COOK OFF,2021-06-13,13975563,599080,51586
35,M71Zo0CGbAo,"SIDEMEN $10,000 VS $100 HOTEL",2021-06-06,17786718,612788,30672
36,rjZxS_oivrU,SIDEMEN VS ARSENAL WOMENS TEAM,2021-05-30,15043784,635292,28312
37,Etu_3PGEeX4,"SIDEMEN IMPOSSIBLE $100,000 FOOTGOLF CHALLENGE",2021-05-23,11452835,348603,13982
38,UkwS_Ju3njI,"SIDEMEN $10,000 vs $100 MUKBANG",2021-05-16,16083473,435406,17064
39,8zSY6zYILVY,SIDEMEN GUESS THE MILLIONAIRE,2021-05-09,7900138,371180,11557
40,NSu-QVtpvIc,"SIDEMEN $50,000 A-Z DRINKING CHALLENGE (GONE WRONG)",2021-05-02,13386700,496477,18999
41,9NLjHE_vP4A,SIDEMEN HIDE & SEEK IN A DUNGEON,2021-04-25,7861417,399455,12401
42,6ZCtuKvBYcw,SIDEMEN ARE YOU SMARTER THAN A 10 YEAR OLD,2021-04-18,12324326,480613,23371
43,Da1XQVbwwXQ,SIDEMEN MOST WEIGHT LOST IN 24 HOURS CHALLENGE,2021-04-11,8379571,329848,14588
44,OVStLXNdA6E,SIDEMEN ALL SPORTS GOLF BATTLE,2021-04-04,10779617,414937,15291
45,-SNXrJDkftY,SIDEMENS GOT TALENT,2021-03-28,13095333,583134,36547
46,ujmxP-GxGek,SIDEMEN CRYSTAL MAZE,2021-03-21,8025644,363859,13302
47,dKfCiy876eE,SIDEMEN EAT FOOD FROM DIFFERENT COUNTRIES 24 HOURS CHALLENGE,2021-03-14,21274046,537460,29079
48,2EEABJp8g6g,SIDEMEN BARBER SHOP (GONE WRONG),2021-03-07,9592355,478486,18220
49,VYEtNWp5VgA,20 WOMEN VS 1 SIDEMEN: HARRY EDITION,2021-02-28,24983696,1191177,67638
50,XwAHSeAjDF0,SIDEMEN WORLDS MOST EXPENSIVE MUKBANG,2021-02-21,15966128,490169,21878
51,dFrfBEJfkjc,SIDEMEN GUESS THE FAKE COUPLE,2021-02-14,9752504,481154,14523
52,KF8I09WBtEI,SIDEMEN TINDER IN REAL LIFE 3,2021-02-07,58438414,1729292,82019
53,24iIoiVD4Ak,THE PRICE IS RIGHT: SIDEMEN EDITION,2021-01-31,10707497,411984,14533
54,OchWt4TBhLw,SIDEMEN HIDE AND SEEK IN A CASTLE,2021-01-24,9139802,451772,16124
55,q1aelPRtZVE,"SIDEMEN 100,000 CALORIE BATTLE - THE REMATCH!",2021-01-17,17314010,508116,20434
56,mevxWTQwEa8,"SIDEMEN HAVE 5 MINUTES TO SPEND $100,000",2021-01-10,23603140,732574,25837
57,kBiYsRwnsBQ,TOP 100 SIDEMEN MOMENTS 2020,2021-01-03,6238994,268369,6197
58,Bm2We_p5Mzo,SIDEMEN BIG FAT QUIZ OF THE YEAR 2020,2020-12-27,11896838,408329,14114
59,gHhl1yzCDdI,SIDEMEN CHRISTMAS MUKBANG,2020-12-20,17332539,672093,19947
60,oj6C9MJ89ho,SIDEMEN BLIND DATING 4,2020-12-13,20499590,720075,24967
61,m5Z4D2kzwao,SIDEMEN HIDE AND SEEK IN BETA SQUAD HOUSE,2020-12-06,14948841,661473,20022
62,Fnp2em6txUY,THE WEAKEST LINK: SIDEMEN EDITION 2,2020-11-29,16523578,540257,21250
63,aKE6JSnQc7s,SIDEMEN AMONG US IN REAL LIFE 2,2020-11-22,16455374,523031,20314
64,LgIop9jKNv8,"SIDEMEN 80,000 CALORIES BATTLE",2020-11-15,13514200,444079,17250
65,nvvNnkEAG5w,SIDEMEN TRY EXPENSIVE VS CHEAP FOOD!,2020-11-08,11545509,483904,12269
66,oois7rlbO8g,20 WOMEN VS 1 SIDEMEN: ETHAN EDITION,2020-11-01,17107468,864168,40489
67,KJnMF96K5pI,SIDEMEN AMONG US IN REAL LIFE,2020-10-25,16856347,750497,30163
68,MMOSu0AGbqM,"SIDEMEN $50,000 TRIVIAL PURSUIT IN REAL LIFE!",2020-10-18,12952125,369572,13845
69,y9Fne3oUwX4,"SIDEMEN $20,000 A-Z EATING CHALLENGE",2020-10-11,19408174,578393,17804
70,DE2xhP2u1co,"SIDEMEN $100,000 SPLIT OR STEAL",2020-10-04,14684865,582981,27152
71,EiSHM7xjRAA,SIDEMEN HIDE AND SEEK IN A PRISON,2020-09-20,15792166,600048,28710
72,w_SWVBwcpdE,SIDEMEN FALL GUYS IN REAL LIFE,2020-09-13,12447785,751658,25543
73,O5HvD9MRwBo,SIDEMEN PUB GOLF (GONE WRONG),2020-09-06,20864017,602764,23522
74,O5DaEUolvRs,"SIDEMEN $50,000 RACE ACROSS THE UK",2020-08-30,15388934,1184999,22093
75,BJInVqBWH-o,SIDEMEN PUNISHMENT BASKETBALL,2020-08-23,12277147,480839,27784
76,epbpv9pIkLA,SIDEMEN EAT THE HOTTEST WINGS CHALLENGE,2020-08-16,23081690,922234,33503
77,lw68FF0GEX8,JEOPARDY: SIDEMEN EDITION,2020-08-09,14777643,341784,10690
78,yL36CxVzVNI,"SIDEMEN $10,000 vs $10 TAKEAWAY",2020-08-02,10854710,445430,17648
79,N-v6Ui1Jtrs,"SIDEMEN SPEND $100,000 ON EACH OTHER IN 1 HOUR",2020-07-26,23013666,663096,27507
80,Qd-JUPihzVc,SIDEMEN GO CAMPING,2020-07-19,18592819,652280,28122
81,ei1ho-tBX44,STRANGERS ROAST THE SIDEMEN 2,2020-07-12,8627162,425183,15706
82,5fVkjhmDfRY,SIDEMEN 1 VS 100,2020-07-05,12610220,348889,14418
83,RC-yz4HV1Hk,SIDEMEN REUNITED MUKBANG,2020-06-28,33829293,1392359,42677
84,hdAbpuYB400,SIDEMEN vs W2S FOOTBALL CHALLENGE,2020-06-21,13345925,476709,17749
85,XEs94uC8Ul0,"SIDEMEN $20,000 REAL LIFE BINGO IN LOCKDOWN",2020-06-14,8246662,419748,26079
86,UY3Px46WFfc,"SIDEMEN 70,000 CALORIES CHALLENGE IN LOCKDOWN",2020-06-07,24469830,607197,29768
87,r0-PQTFpfIg,SIDEMEN GO BACK TO ONLINE SCHOOL,2020-05-31,14611741,519457,20514
88,cWw3vEN9l_M,SIDEMEN BLIND DATING 3,2020-05-24,18079836,611404,32554
89,ZKUDVKuiGtE,SIDEMEN TALENT SHOW,2020-05-17,9321395,410222,17614
90,N5nPOX5MNds,SIDEMEN SPELLING BEE 2,2020-05-10,14439804,522428,16951
91,1MNQ7y2eOqc,SIDEMEN TINDER IN LOCKDOWN,2020-05-03,13977288,674649,22763
92,8EbKndcwPG0,SIDEMEN TIKTOK CHALLENGE,2020-04-26,19507593,530466,17024
93,VqmdDuYl_g0,SIDEMEN LOCKDOWN SHOWDOWN,2020-04-19,9898482,293179,10089
94,N_xGrRni9E4,SIDEMEN LEARN 24 SKILLS IN 24 HOURS,2020-04-12,12858300,318342,20164
95,t2XD6SuQFIE,SIDEMEN COME DINE WITH ME,2020-04-05,19145678,422473,34507
96,XzjUPs956ME,SIDEMEN ESCAPE ROOM,2020-03-22,16175645,435210,17070
97,EH-XSHh9oio,SIDEMEN PAINTBALL HIDE AND SEEK,2020-03-15,11990800,373594,14009
98,DVLUOpyshLU,SIDEMEN DRAGONS DEN (SHARK TANK),2020-03-09,11944080,462367,29324
99,ex1iFyfLUTM,SIDEMEN TINDER IN REAL LIFE (YOUTUBE EDITION),2020-03-01,58610791,1730698,65022
100,MUiDQ7trALg,SIDEMEN SPILL YOUR GUTS OR FILL YOUR GUTS,2020-02-23,25029786,603237,28240
101,b8hpy-W5PiU,SIDEMEN MOST WEIGHT GAINED IN 24 HOURS CHALLENGE,2020-02-16,24135376,733497,28911
102,IX7JTmv6TYw,SIDEMEN BLIND DATING 2,2020-02-09,27736033,828120,24695
103,CHPa8bLgnkU,SIDEMEN MONOPOLY IN REAL LIFE,2020-02-02,24542093,369591,14459
104,UcSdj1_I4bo,SIDEMEN HIDE & SEEK ON A PRIVATE ISLAND,2020-01-26,16190320,497092,18187
105,HpgLrCcbLLo,SIDEMEN EATING ONE COLOUR FOOD FOR 24 HOURS CHALLENGE,2020-01-19,22041833,509001,23071
106,kQHe7GE1fTQ,SIDEMEN LIE DETECTOR,2020-01-12,25947196,772392,20769
107,YyYnll7LjW4,SIDEMEN MAKE A SONG IN 24 HOURS CHALLENGE,2019-12-15,16813992,511896,26541
108,LLumNtcSePs,"SIDEMEN $10,000 vs $100 CHRISTMAS DAY",2019-12-09,19334385,394953,19703
109,H3mnP9K3Kis,"SIDEMEN $50,000 TIPPING POINT",2019-12-01,9009804,271601,12792
110,gXcL-FK4kE8,"SIDEMEN $10,000 REAL LIFE BINGO",2019-11-24,14216541,350125,11694
111,4-vlO7leAko,"SIDEMEN 100,000 CALORIES IN 24 HOURS CHALLENGE (USA EDITION)",2019-11-17,21725242,435024,16545
112,Av5NJm3uFgg,"SIDEMEN SPEND $100,000 IN 1 HOUR CHALLENGE",2019-11-11,19219396,585749,39765
113,NUxxD7ww8JU,SIDEMEN SPEED DATING,2019-11-03,27494665,686328,26469
114,5NxKNrfqUjs,"SIDEMEN $20,000 VS $200 HOLIDAY (EUROPE EDITION)",2019-10-27,77772308,1210060,71421
115,kxNkKBBM6ik,SIDEMEN ICE DUNK TANK CHALLENGE,2019-10-20,14696380,402764,10164
116,wYfYdrd6fqI,THE ROAST OF THE SIDEMEN,2019-10-13,38376004,1007088,30736
117,vQ7yYR3Kj-I,SIDEMEN HIDE & SEEK IN A THEME PARK,2019-10-06,16498751,921821,15777
118,zi6BQRG5xH0,"SIDEMEN $10,000 VS $100 ROAD TRIP",2019-09-29,42909047,1353598,46147
119,T8ADlJtr4a0,SIDEMEN WHEEL OF FORTUNE,2019-09-22,17212658,352027,13798
120,yHlcV1CZBiM,SIDEMEN FOOTBALL FEAR PONG,2019-09-08,16112076,333129,10306
121,dbYk8qH9Kjs,SIDEMEN SUMO OLYMPICS,2019-09-01,8817266,338239,13421
122,0dRvoFfa59w,SIDEMEN $15 MILLION MANSION REVERSE HIDE & SEEK,2019-08-25,14137645,446723,11192
123,aAOC71qqXxM,SIDEMEN TINDER IN REAL LIFE 2,2019-08-18,59942104,1256032,53076
124,zn9vPzAZp3Y,SIDEMEN TOTAL WIPEOUT CHALLENGE,2019-08-11,28833133,765640,22744
125,3KpvA19BWPk,"SIDEMEN BURN 70,000 CALORIES IN 24 HOURS CHALLENGE",2019-08-04,19299331,423186,19785
126,Hakeo9l-uNU,SIDEMEN BECOME PARENTS FOR 24 HOURS,2019-07-28,23095278,593946,33902
127,ciODljQwCTM,THE CHASE: SIDEMEN EDITION,2019-07-21,24411193,498877,21516
128,mSo5rzUa3Ko,SIDEMEN BLIND DATING,2019-07-14,23859016,620448,23180
129,KIo2eTns-II,"SIDEMEN DONATE $10,000 TO TWITCH STREAMERS",2019-06-30,8746308,272776,6680
130,GS_GuSu2Hrs,SIDEMEN GO BACK TO SCHOOL,2019-06-16,36494228,822906,43320
131,tDDEiUX38hc,SIDEMEN TINDER IN REAL LIFE,2019-06-09,40104831,859550,37297
132,XuSoqUO2kYs,SIDEMEN STRENGTH TEST,2019-06-03,20842760,541182,17672
133,5iyfAxnnaBA,SIDEMEN LEARN TO DANCE ft. JABBAWOCKEEZ,2019-05-26,9375160,335036,13029
134,1IUtR5rl80A,STRANGERS ROAST THE SIDEMEN,2019-05-19,26983099,633492,17309
135,_unSKgaE47E,COUNTDOWN: SIDEMEN EDITION,2019-04-22,18983659,420379,16056
136,zOi3XKWg_3k,SIDEMEN SPORTS DAY,2019-04-14,10812814,222434,7747
137,Lp-h_lKC3zQ,SIDEMEN BOX OF LIES,2019-04-07,22794175,432415,6976
138,rR7y4dyGvTk,"SIDEMEN $10,000 VS $100 HOLIDAY",2019-03-31,48356253,1070618,49005
139,6eCIUWr_byU,SIDEMEN GIANT INFLATABLE SLIP AND SLIDE CHALLENGE,2019-03-24,9075139,217822,3859
140,Fo4sYk-Byh8,SIDEMEN ONE QUESTION,2019-03-17,7324599,249220,6048
141,MN_WT55jaDU,SIDEMEN $900 MILLION CRUISE SHIP HIDE & SEEK!,2019-03-10,15652168,395699,12944
142,fuVS2H6AYWE,"SIDEMEN EAT 70,000 CALORIES IN 24 HOURS CHALLENGE",2019-02-17,39113249,601687,32265
143,wpU9fPso8h0,THE SIDEMEN BAKE OFF,2019-02-11,32187099,676437,25452
144,iHtk8aXlJTc,SIDEMEN TRY JAMES CHARLES MAKE UP TUTORIAL,2019-02-03,8646425,244395,11054
145,2ubwlOsUXGs,SIDEMEN REACT TO OLD VIDEOS 2,2019-01-27,8354396,202713,4266
146,zjTJ_1pv_N0,SIDEMEN ONE WORD INTERVIEW,2019-01-20,20905315,394589,10632
147,gmqR4E1-5ZA,SIDEMEN TOP 100 BEST MOMENTS,2019-01-06,14736100,193169,3087
148,wFUh2id9ulo,SIDEMEN SECRET SANTA!!!,2018-12-23,16145678,305223,8523
149,7TbWYJ_01fs,SIDEMEN WINTER OLYMPICS,2018-12-16,5408545,142734,3110
150,3p4SDblXHU8,SHOCKING TRY NOT TO LAUGH CHALLENGE,2018-12-02,18347048,434303,12205
151,K33abKnKpEo,SIDEMEN PUNISHMENT POOL (INSANE),2018-11-25,15316769,271843,6604
152,lWPGKAAfgI8,SIDEMEN FAMILY FORTUNES,2018-11-18,19146025,419413,10514
153,1y5HnUVfeJA,SIDEMEN REACT TO TEENS REACT TO SIDEMEN,2018-11-11,10222010,279188,8233
154,Ko25YvWebVU,HAUNTED CLOWN MAZE HIDE AND SEEK,2018-10-28,7572272,218238,8043
155,XRbByev0O_0,EXTREME FORFEIT SIDEMEN QUIZ,2018-10-21,16755121,324914,6166
156,pHQV1dzpVk0,SIDEMEN 6-A-SIDE FOOTBALL *HORRIFIC INJURY*,2018-10-15,10488026,298236,7324
157,HKMuWVlqM6c,KSI VS THE SIDEMEN,2018-09-16,19122352,606242,29973
158,OmtYFXsqvXI,SIDEMEN WHO WANTS TO BE A BILLIONAIRE,2018-09-09,12714229,265649,12130
159,_3b6LZ2xAVs,SIDEMEN SPELLING BEE,2018-09-02,28467766,689252,24624
160,xt8FLJqmwF0,SIDEMEN CARPOOL DISS TRACK KARAOKE,2018-08-12,20330942,498688,22118
161,DE8qYM74B2U,SIDEMEN EXPLORE HAUNTED TUNNELS (WARNING),2018-08-05,10135501,285782,12439
162,AMKDVfucPfA,HOW HARD CAN THE SIDEMEN PUNCH?,2018-07-29,29519158,492415,13453
163,QUYLG94VWb4,SIDEMEN BOWLING (GONE WRONG),2018-07-22,15109491,369057,9051
164,0_9fyL_vD4M,SIDEMEN WORLD CUP FOOTBALL CHALLENGES,2018-07-15,20205257,292076,9769
165,vr6UKSpuGwI,SIDEMEN HIDE & SEEK IN WIRELESS FESTIVAL (GONE WRONG),2018-07-08,9521726,273874,4864
166,SGWBO_2p_e8,SIDEMEN WORLD CUP WIPEOUT CHALLENGE,2018-06-24,14219855,315643,5362
167,tkESn7nFP_M,SIDEMEN GO TO SPACE | THE SIDEMEN SHOW,2018-06-18,NULL,NULL,5198
168,lyBMlK4juLQ,THE GREAT SIDEMEN RACE | THE SIDEMEN SHOW,2018-06-18,NULL,NULL,2349
169,M9AjrGTxmbU,SIDEMEN RESCUE NICOLE SCHERZINGER | THE SIDEMEN SHOW,2018-06-18,NULL,NULL,2186
170,yCEbRgQfwLs,HUNTING THE SIDEMEN | THE SIDEMEN SHOW,2018-06-18,NULL,NULL,4302
171,axysLtXwMk4,SIDEMEN INVESTIGATE MOST HAUNTED HOUSE | THE SIDEMEN SHOW,2018-06-18,NULL,NULL,8865
172,0sHAOwGfIXk,SIDEMEN EXTREME DESERT RACE *EXPLOSION* | THE SIDEMEN SHOW,2018-06-18,17111309,345048,12473
173,UTVpWVO4vZU,SIDEMEN FC VS YOUTUBE ALLSTARS 2018 (Goals & Highlights),2018-06-02,14965745,333326,19299
174,tRB-OU1wVFg,SIDEMEN FC VS YOUTUBE ALLSTARS CHARITY MATCH 2018 LIVESTREAM,2018-06-02,11343948,183252,7458
175,cDXzQvjP4wo,THE SIDEMEN SHOW (Exclusive Teaser Trailer),2018-05-23,1675686,103146,3342
176,C5Rm6rDbF20,SIDEMEN GIANT SLIP AND SLIDE FOOTBALL,2018-05-13,29032467,538768,14261
177,09FaAy42iMI,SIDEMEN YOGA CHALLENGE,2018-05-09,12641505,310725,15895
178,bgqRQqYAYaQ,SIDEMEN HOMEMADE OLYMPICS,2018-04-29,16124870,293263,5509
179,5hNMaaM7Log,SIDEMEN DEAL OR NO DEAL,2018-04-22,9666398,260736,6607
180,yHGQVWefrkk,SIDEMEN $10 MILLION MANSION HIDE AND SEEK,2018-04-17,15909137,352316,11212
181,CksForaQ98o,SIDEMEN SUMO FIGHT,2018-04-08,11218180,331678,12879
182,VVMCz04CmlA,SIDEMEN TOTAL WIPEOUT FOOTBALL CHALLENGE,2018-03-25,20028805,371024,15429
183,6ojjvi5gUaU,SIDEMEN ANSWER THE MOST SEARCHED GOOGLE QUESTIONS,2018-03-18,9779780,252803,7179
184,rWk98tVr0ME,SIDEMEN ULTIMATE FOOTBALL CHALLENGE!,2018-03-13,15234749,286460,9335
185,SSLyfD0kXVY,SIDEMEN SILENT CHALLENGE!,2018-03-04,23047556,406831,8864
186,QD-fLwfBc30,SIDEMEN GIANT FOOTBALL DARTS,2018-02-25,20940664,326675,5475
187,qrtWADNaC0g,SIDEMEN WHISPER CHALLENGE,2018-02-18,10809947,255514,4241
188,rtue4S9f2k4,EXTREME SIDEMEN FEAR PONG,2018-02-11,15242669,313971,7022
189,S5GJ4zvNXz8,SIDEMEN TRY NOT TO LAUGH CHALLENGE w/ JACK WHITEHALL,2018-01-28,13622011,333570,7161
190,fFCr7giy8eI,YOU LAUGH YOU LOSE - SIDEMEN DO BAD JOKES,2018-01-21,15346650,398487,8049
191,QlY44reJJyU,SIDEMEN READ MEAN TWEETS,2018-01-07,14603793,377274,10470
192,y_ZibIWNKoM,SIDEMEN FC VS YOUTUBE ALLSTARS HIGHLIGHTS 2017,2017-05-21,4298165,96352,5807
193,Fq3VFCezuzI,SIDEMEN FC VS YOUTUBE ALLSTARS LIVESTREAM,2017-05-21,14076706,214200,6691
194,n3KmVsf-luY,SIDEMEN CROSSBAR CHALLENGE,2017-03-12,12632864,244187,8914
195,nCzd60r8004,SIMON IS QUITTING THE SIDEMEN?,2017-02-05,2934869,66335,2600
196,BbBkBSHufPA,THE SIDEMEN BEEF BEGINS (SDMN Clubs),2017-01-29,2837260,64242,2417
197,-cE-1EDV2Xs,SIDEMEN PRO CLUBS IS BACK!,2017-01-08,4099356,157812,7360
198,jXKOWvsz1To,THE SIDEMEN AWARDS,2016-10-09,2895485,83500,6874
199,J_NniTO22_A,SIDEMEN FC VS YOUTUBE ALLSTARS CHARITY FOOTBALL MATCH LIVESTREAM,2016-06-03,25328450,436002,36533
200,5j_fRfbscaE,SIDEMEN FACE PAINTING CHALLENGE,2016-05-28,4114828,135618,16430
201,QXyJgxWH6h4,WELCOME TO THE SIDEMEN CHANNEL!,2016-05-15,4203172,191579,33956
